{
  "0": {
    "inputs": [
      [
        0.9475234746932983
      ]
    ]
  },
  "1": {
    "inputs": [
      [
        258.4207763671875
      ]
    ]
  },
  "2": {
    "inputs": [
      [
        0.010268035344779491
      ]
    ]
  },
  "3": {
    "inputs": [
      [
        0.2503253221511841
      ]
    ]
  },
  "4": {
    "inputs": [
      [
        0.012844393961131573
      ]
    ]
  },
  "5": {
    "inputs": [
      [
        75.36552429199219
      ]
    ]
  },
  "6": {
    "inputs": [
      [
        0.01108576636761427
      ]
    ]
  },
  "7": {
    "inputs": [
      [
        6.2831854820251465
      ]
    ]
  },
  "8": {
    "inputs": [
      [
        0.012844393029808998
      ]
    ]
  },
  "9": {
    "inputs": [
      [
        0.009998365305364132
      ]
    ]
  },
  "10": {
    "inputs": [
      [
        0.010539448820054531
      ]
    ]
  },
  "11": {
    "inputs": [
      [
        0.13917957246303558
      ]
    ]
  },
  "12": {
    "inputs": [
      [
        0.20387670397758484
      ]
    ]
  },
  "13": {
    "inputs": [
      [
        0.693369448184967
      ]
    ]
  },
  "14": {
    "inputs": [
      [
        -1.5102577209472656
      ]
    ]
  },
  "15": {
    "inputs": [
      [
        0.21511586010456085
      ]
    ]
  },
  "16": {
    "inputs": [
      [
        6.2831854820251465
      ]
    ]
  },
  "17": {
    "inputs": [
      [
        0.5422114133834839
      ]
    ]
  },
  "18": {
    "inputs": [
      [
        99.5398941040039
      ]
    ]
  },
  "19": {
    "inputs": [
      [
        96.62841796875
      ]
    ]
  },
  "20": {
    "inputs": [
      [
        98.00440216064453
      ]
    ]
  },
  "21": {
    "inputs": [
      [
        63.56549072265625
      ]
    ]
  },
  "22": {
    "inputs": [
      [
        63.993473052978516
      ]
    ]
  },
  "23": {
    "inputs": [
      [
        6.2831854820251465
      ]
    ]
  },
  "24": {
    "inputs": [
      [
        84.78144836425781
      ]
    ]
  },
  "25": {
    "inputs": [
      [
        1.0000115633010864
      ]
    ]
  },
  "26": {
    "inputs": [
      [
        1.0036839246749878
      ]
    ]
  },
  "27": {
    "inputs": [
      [
        127.0400619506836
      ]
    ]
  },
  "28": {
    "inputs": [
      [
        1.9926198720932007
      ]
    ]
  },
  "29": {
    "inputs": [
      [
        0.3589641749858856
      ]
    ]
  },
  "30": {
    "inputs": [
      [
        0.0010017313761636615
      ]
    ]
  },
  "31": {
    "inputs": [
      [
        0.0018170075491070747
      ]
    ]
  }
}