{
  "0": {
    "errors": [
      [
        0
      ]
    ],
    "inputs": [
      [
        0.9475234746932983
      ]
    ],
    "results": [
      [
        1.3832184218434624
      ]
    ]
  },
  "1": {
    "errors": [
      [
        0
      ]
    ],
    "inputs": [
      [
        258.4207763671875
      ]
    ],
    "results": [
      [
        0.031073255532278153
      ]
    ]
  },
  "10": {
    "errors": [
      [
        0
      ]
    ],
    "inputs": [
      [
        0.010539448820054531
      ]
    ],
    "results": [
      [
        0.00011108100966461532
      ]
    ]
  },
  "11": {
    "errors": [
      [
        0
      ]
    ],
    "inputs": [
      [
        0.13917957246303558
      ]
    ],
    "results": [
      [
        0.49469052757357984
      ]
    ]
  },
  "12": {
    "errors": [
      [
        0
      ]
    ],
    "inputs": [
      [
        0.20387670397758484
      ]
    ],
    "results": [
      [
        0.12159534830799222
      ]
    ]
  },
  "13": {
    "errors": [
      [
        0
      ]
    ],
    "inputs": [
      [
        0.693369448184967
      ]
    ],
    "results": [
      [
        0.0004444858581241302
      ]
    ]
  },
  "14": {
    "errors": [
      [
        0
      ]
    ],
    "inputs": [
      [
        -1.5102577209472656
      ]
    ],
    "results": [
      [
        -0.9980577590305506
      ]
    ]
  },
  "15": {
    "errors": [
      [
        0
      ]
    ],
    "inputs": [
      [
        0.21511586010456085
      ]
    ],
    "results": [
      [
        7528644.979699342
      ]
    ]
  },
  "16": {
    "errors": [
      [
        57038752437550
      ]
    ],
    "inputs": [
      [
        6.2831854820251465
      ]
    ],
    "results": [
      [
        3.880874112198578e-16
      ]
    ]
  },
  "17": {
    "errors": [
      [
        134217728
      ]
    ],
    "inputs": [
      [
        0.5422114133834839
      ]
    ],
    "results": [
      [
        -6.642215000240981e-09
      ]
    ]
  },
  "18": {
    "errors": [
      [
        0
      ]
    ],
    "inputs": [
      [
        99.5398941040039
      ]
    ],
    "results": [
      [
        0.015467920766472965
      ]
    ]
  },
  "19": {
    "errors": [
      [
        0
      ]
    ],
    "inputs": [
      [
        96.62841796875
      ]
    ],
    "results": [
      [
        2.21698065529935e-06
      ]
    ]
  },
  "2": {
    "errors": [
      [
        0
      ]
    ],
    "inputs": [
      [
        0.010268035344779491
      ]
    ],
    "results": [
      [
        1.0051516349645306
      ]
    ]
  },
  "20": {
    "errors": [
      [
        0
      ]
    ],
    "inputs": [
      [
        98.00440216064453
      ]
    ],
    "results": [
      [
        -0.00010306231908023197
      ]
    ]
  },
  "21": {
    "errors": [
      [
        0
      ]
    ],
    "inputs": [
      [
        63.56549072265625
      ]
    ],
    "results": [
      [
        0.0009751025729458213
      ]
    ]
  },
  "22": {
    "errors": [
      [
        0
      ]
    ],
    "inputs": [
      [
        63.993473052978516
      ]
    ],
    "results": [
      [
        -1.1044015153251048
      ]
    ]
  },
  "23": {
    "errors": [
      [
        47977277334120
      ]
    ],
    "inputs": [
      [
        6.2831854820251465
      ]
    ],
    "results": [
      [
        8.762634715559518e-08
      ]
    ]
  },
  "24": {
    "errors": [
      [
        0
      ]
    ],
    "inputs": [
      [
        84.78144836425781
      ]
    ],
    "results": [
      [
        0.05414328310019734
      ]
    ]
  },
  "25": {
    "errors": [
      [
        0
      ]
    ],
    "inputs": [
      [
        1.0000115633010864
      ]
    ],
    "results": [
      [
        0.499997109191442
      ]
    ]
  },
  "26": {
    "errors": [
      [
        0
      ]
    ],
    "inputs": [
      [
        1.0036839246749878
      ]
    ],
    "results": [
      [
        0.4990807121248963
      ]
    ]
  },
  "27": {
    "errors": [
      [
        0
      ]
    ],
    "inputs": [
      [
        127.0400619506836
      ]
    ],
    "results": [
      [
        0.9921899444223546
      ]
    ]
  },
  "28": {
    "errors": [
      [
        0
      ]
    ],
    "inputs": [
      [
        1.9926198720932007
      ]
    ],
    "results": [
      [
        0.8821455867287311
      ]
    ]
  },
  "29": {
    "errors": [
      [
        0
      ]
    ],
    "inputs": [
      [
        0.3589641749858856
      ]
    ],
    "results": [
      [
        -0.007709071481879611
      ]
    ]
  },
  "3": {
    "errors": [
      [
        0
      ]
    ],
    "inputs": [
      [
        0.2503253221511841
      ]
    ],
    "results": [
      [
        1.1362941795442807
      ]
    ]
  },
  "30": {
    "errors": [
      [
        0
      ]
    ],
    "inputs": [
      [
        0.0010017313761636615
      ]
    ],
    "results": [
      [
        -1.0010022335281672
      ]
    ]
  },
  "31": {
    "errors": [
      [
        0
      ]
    ],
    "inputs": [
      [
        0.0018170075491070747
      ]
    ],
    "results": [
      [
        -0.0036340190974755784
      ]
    ]
  },
  "4": {
    "errors": [
      [
        0
      ]
    ],
    "inputs": [
      [
        0.012844393961131573
      ]
    ],
    "results": [
      [
        0.01292723750095881
      ]
    ]
  },
  "5": {
    "errors": [
      [
        0
      ]
    ],
    "inputs": [
      [
        75.36552429199219
      ]
    ],
    "results": [
      [
        0.013181408662477523
      ]
    ]
  },
  "6": {
    "errors": [
      [
        0
      ]
    ],
    "inputs": [
      [
        0.01108576636761427
      ]
    ],
    "results": [
      [
        0.0036952857312400056
      ]
    ]
  },
  "7": {
    "errors": [
      [
        57038752437550
      ]
    ],
    "inputs": [
      [
        6.2831854820251465
      ]
    ],
    "results": [
      [
        3.880874112198578e-16
      ]
    ]
  },
  "8": {
    "errors": [
      [
        0
      ]
    ],
    "inputs": [
      [
        0.012844393029808998
      ]
    ],
    "results": [
      [
        78.35605328675949
      ]
    ]
  },
  "9": {
    "errors": [
      [
        0
      ]
    ],
    "inputs": [
      [
        0.009998365305364132
      ]
    ],
    "results": [
      [
        -0.4999775074506995
      ]
    ]
  }
}
